timestamp,epoch,train_g_loss,train_c_loss,train_a_loss,train_p_loss,train_e_loss,train_d_loss,train_psnr,train_psnr_std,train_ssim,train_ssim_std,test_psnr,test_psnr_std,test_ssim,test_ssim_std,edge_iou,edge_f1,best_psnr,learning_rate_g,learning_rate_d,batch_size,lambda_content,lambda_adversarial,lambda_perceptual,lambda_edge,runtime_sec,gpu_memory_mb
2025-10-01 15:24:35,1,0.12195243716083555,0.11361483023202623,0.0014683614320752496,0.02851433125106682,0.03647379172541556,0.003142212934607824,22.030513763427734,2.0998473167419434,0.6625503897666931,0.05336253345012665,22.112367630004883,2.2258269786834717,0.6744135618209839,0.051151860505342484,0.6434837579727173,0.7597521543502808,22.112367630004883,0.0002,2e-05,4,1.0,3.0,0.01,0.1,799.6031970977783,961.5263671875
2025-10-01 15:36:16,2,0.11958999120946738,0.11175536654586608,0.0013095115481689124,0.0275044736387652,0.03631045195959414,0.0030491343177445644,22.18230628967285,2.0992543697357178,0.672092854976654,0.05328288674354553,22.10647964477539,2.2143845558166504,0.6801050305366516,0.05149167776107788,0.638738751411438,0.7561870813369751,22.112367630004883,0.0002,2e-05,4,1.0,3.0,0.01,0.1,1500.0015602111816,960.7763671875
2025-10-01 15:49:05,3,0.11753003618826134,0.1100597980016436,0.001200380365275784,0.026761690438099964,0.036014802079561446,0.0030723856992323647,22.29854965209961,2.080353260040283,0.6804930567741394,0.052343256771564484,22.182674407958984,2.185791254043579,0.6835283041000366,0.050885118544101715,0.6359793543815613,0.7534170150756836,22.182674407958984,0.0002,2e-05,4,1.0,3.0,0.01,0.1,2269.1537194252014,961.5263671875
2025-10-01 16:00:43,4,0.11686906204194443,0.10912355836635601,0.0012980148176215491,0.026404226325439296,0.03587417035421848,0.0034221691964705894,22.374326705932617,2.124068021774292,0.6866040229797363,0.05274021252989769,22.145532608032227,2.1908936500549316,0.6870332956314087,0.0517992340028286,0.6467683911323547,0.7618809938430786,22.182674407958984,0.0002,2e-05,4,1.0,3.0,0.01,0.1,2967.031218290329,961.5263671875
2025-10-01 16:12:24,5,0.11506035082306099,0.10766455142953847,0.0011880219122718154,0.0258040431989532,0.035736932992205435,0.003755771436032604,22.492517471313477,2.162539482116699,0.6940397024154663,0.0532991997897625,22.336254119873047,2.319746732711792,0.7013744711875916,0.0537152960896492,0.6486068367958069,0.7635427117347717,22.336254119873047,0.0002,2e-05,4,1.0,3.0,0.01,0.1,3668.0510170459747,960.7763671875
2025-10-01 18:03:55,15,0.10684501701598612,0.0983903155880799,0.0015744756675284816,0.02175218015493826,0.035137526791951625,0.006563079064957552,23.199676513671875,2.099074125289917,0.7313081622123718,0.05008000507950783,22.749126434326172,2.357306957244873,0.7277702689170837,0.05316934362053871,0.6445701718330383,0.7599798440933228,22.749126434326172,0.0002,2e-05,4,1.0,3.0,0.01,0.1,10359.6326110363,961.5263671875
2025-10-01 18:15:14,16,0.1040822803423584,0.09779424233028969,0.0008515804629309505,0.021479655513894195,0.03518500117479999,0.0057521156089093825,23.252376556396484,2.1056368350982666,0.7330737709999084,0.04946690425276756,22.69188690185547,2.349374294281006,0.7283868193626404,0.05271486937999725,0.6510318517684937,0.7653306126594543,22.749126434326172,0.0002,2e-05,4,1.0,3.0,0.01,0.1,11038.667634010315,961.5263671875
2025-10-01 18:26:56,17,0.10376078038137189,0.09690558196749549,0.0010443743930225128,0.021120139610455592,0.03510873725334004,0.007368280160865122,23.318248748779297,2.0895116329193115,0.7371195554733276,0.048696815967559814,22.653018951416016,2.358766794204712,0.7247080206871033,0.05120453983545303,0.6436744928359985,0.7599636912345886,22.749126434326172,0.0002,2e-05,4,1.0,3.0,0.01,0.1,11740.383162260056,960.7763671875
2025-10-01 18:38:33,18,0.10498137250021393,0.09596079502419243,0.0017662995553593373,0.020754416372014556,0.035141344825200864,0.006178881520159788,23.400190353393555,2.0992989540100098,0.7389631271362305,0.048422399908304214,22.794677734375,2.3814520835876465,0.7314893007278442,0.05237944424152374,0.6519951224327087,0.7662571668624878,22.794677734375,0.0002,2e-05,4,1.0,3.0,0.01,0.1,12437.288333177567,961.5263671875
2025-10-01 18:50:07,19,0.10180202596765915,0.09517184791701247,0.0009719398695458163,0.020442728588873114,0.03509931143163123,0.006551908038730559,23.447505950927734,2.068033218383789,0.7422201633453369,0.047825220972299576,22.744873046875,2.462141990661621,0.7283852100372314,0.05333707109093666,0.6498259902000427,0.7644975781440735,22.794677734375,0.0002,2e-05,4,1.0,3.0,0.01,0.1,13131.259061336517,961.5263671875
2025-10-01 19:01:28,20,0.10071504973999058,0.094344472933673,0.0008884090794630411,0.02010182518052661,0.03504331194265055,0.006019144629865148,23.519433975219727,2.061997652053833,0.7447723746299744,0.04715980216860771,22.737220764160156,2.4163694381713867,0.7327080965042114,0.05205715820193291,0.6508620381355286,0.7654173374176025,22.794677734375,0.0002,2e-05,4,1.0,3.0,0.01,0.1,13812.111331224442,960.7763671875
2025-10-01 19:12:46,21,0.09949429248018613,0.09352241926445781,0.0007575445483062828,0.019788924976043114,0.035013503261044084,0.005068043582039056,23.586606979370117,2.069640636444092,0.7471667528152466,0.04705412685871124,22.52897834777832,2.41088604927063,0.7279874086380005,0.056228213012218475,0.6498550176620483,0.7642020583152771,22.794677734375,0.0002,2e-05,4,1.0,3.0,0.01,0.1,14490.611377716064,961.5263671875
2025-10-01 19:23:56,22,0.09972539557136716,0.09287386797906062,0.0010517871527702173,0.01943774449088862,0.035017886743516344,0.005246393817507631,23.64663314819336,2.0426671504974365,0.7480539679527283,0.0470552071928978,22.45140838623047,2.3240861892700195,0.7157477736473083,0.054353926330804825,0.6424577236175537,0.7585086822509766,22.794677734375,0.0002,2e-05,4,1.0,3.0,0.01,0.1,15160.154018163681,961.5263671875
2025-10-01 19:34:58,23,0.09816891284823209,0.09193749569444402,0.0008483022181149994,0.01908489505654086,0.03495661473242956,0.00550751334342819,23.730493545532227,2.0377581119537354,0.7526947259902954,0.04527169093489647,22.6019229888916,2.4473345279693604,0.732519805431366,0.05445104092359543,0.6491401195526123,0.7637724876403809,22.794677734375,0.0002,2e-05,4,1.0,3.0,0.01,0.1,15822.275440216064,960.7763671875
2025-10-01 19:45:57,24,0.09885813270593294,0.09139349007312002,0.001258696651232023,0.018836916407230616,0.03500183565834489,0.006101252587901039,23.78363609313965,2.034801959991455,0.7535188794136047,0.045401498675346375,22.784353256225586,2.399075746536255,0.7370398640632629,0.05350358039140701,0.6479198336601257,0.7628185749053955,22.794677734375,0.0002,2e-05,4,1.0,3.0,0.01,0.1,16481.020236730576,961.5263671875
2025-10-01 19:56:54,25,0.0975797769410359,0.09078420693593146,0.0010362722995172502,0.018651585150827706,0.03500237108371536,0.004969720215700403,23.82819366455078,2.049889326095581,0.7554581761360168,0.0458291731774807,22.74199867248535,2.506444215774536,0.7343087196350098,0.055029161274433136,0.6488230228424072,0.7636961936950684,22.794677734375,0.0002,2e-05,4,1.0,3.0,0.01,0.1,17138.595376491547,961.5263671875
2025-10-01 20:07:52,26,0.09700426031889538,0.0901534378815281,0.0010570548760195817,0.018395637060427215,0.03495701505046356,0.008004945097747003,23.865055084228516,1.9935126304626465,0.7578614354133606,0.045181211084127426,22.679954528808594,2.4107909202575684,0.7327393889427185,0.05382765457034111,0.652107834815979,0.7659482359886169,22.794677734375,0.0002,2e-05,4,1.0,3.0,0.01,0.1,17795.945187091827,960.7763671875
2025-10-01 20:19:04,27,0.09581159636423897,0.08943545418760117,0.0009015153681306796,0.018143406813409608,0.03490162104250929,0.004301465877618354,23.928869247436523,2.0005581378936768,0.7588942050933838,0.044919125735759735,22.672618865966797,2.413346767425537,0.7356927394866943,0.056849993765354156,0.6516807079315186,0.7655094265937805,22.794677734375,0.0002,2e-05,4,1.0,3.0,0.01,0.1,18468.766195058823,961.5263671875
2025-10-01 20:30:30,28,0.09904847592995007,0.08913956553551845,0.0020824622142161836,0.0180193001042382,0.034813305880234235,0.004640756872774276,23.960920333862305,2.0158238410949707,0.7608916759490967,0.043694306164979935,22.689258575439453,2.419198989868164,0.7369686365127563,0.05679592117667198,0.6506288647651672,0.764845609664917,22.794677734375,0.0002,2e-05,4,1.0,3.0,0.01,0.1,19154.400048017502,961.5263671875
2025-10-01 20:42:02,29,0.09622064148123524,0.08846452209331294,0.0013651245200991923,0.017746731571919947,0.03483278468857178,0.005272571034575966,24.01079559326172,1.9778724908828735,0.7628495693206787,0.043489038944244385,22.796785354614258,2.425791025161743,0.7386003732681274,0.054159391671419144,0.6532904505729675,0.7670138478279114,22.796785354614258,0.0002,2e-05,4,1.0,3.0,0.01,0.1,19846.72536802292,960.7763671875
2025-10-01 20:53:20,30,0.09453643850614059,0.08819690473771898,0.0008937647311823934,0.017634681284478138,0.03481892701262827,0.0042343831555227045,24.056215286254883,2.002953290939331,0.7630504369735718,0.04560871794819832,22.58048439025879,2.382429838180542,0.7277237176895142,0.05775943771004677,0.6487083435058594,0.7631111145019531,22.796785354614258,0.0002,2e-05,4,1.0,3.0,0.01,0.1,20524.15226006508,961.5263671875
2025-10-01 21:04:36,31,0.09410693783966224,0.08754492793794172,0.0009708412034583865,0.017470763432848296,0.03474778549401167,0.004694896849936673,24.089569091796875,1.9954017400741577,0.7652780413627625,0.04334639012813568,22.813495635986328,2.4475202560424805,0.7390124797821045,0.05389846861362457,0.649055004119873,0.7638033628463745,22.813495635986328,0.0002,2e-05,4,1.0,3.0,0.01,0.1,21200.03627347946,961.5263671875
2025-10-01 21:16:26,32,0.09291574664358547,0.08664378822077869,0.0008772319052979367,0.017090777268329457,0.034693549072372376,0.004168231549396456,24.178936004638672,1.984663486480713,0.767774224281311,0.04348556324839592,22.674495697021484,2.386131763458252,0.7310183048248291,0.053863588720560074,0.6509618759155273,0.7652884721755981,22.813495635986328,0.0002,2e-05,4,1.0,3.0,0.01,0.1,21910.009984970093,960.7763671875
2025-10-01 21:27:55,33,0.09309242613968706,0.08636580008376515,0.0010313489819892578,0.017032834498442232,0.03462250763326427,0.005009564550613964,24.204177856445312,2.0005617141723633,0.7681915163993835,0.043159883469343185,22.755022048950195,2.402223825454712,0.7412868142127991,0.055561166256666183,0.6524665951728821,0.7665427923202515,22.813495635986328,0.0002,2e-05,4,1.0,3.0,0.01,0.1,22599.41951394081,961.5263671875
2025-10-01 21:39:06,34,0.09277076298752934,0.08603829220686618,0.0010333349873586771,0.016932529300592993,0.03463140470156984,0.004123561017107791,24.22320556640625,1.9824703931808472,0.7696142196655273,0.042516689747571945,22.82605743408203,2.483564615249634,0.7444941401481628,0.05536111444234848,0.655241072177887,0.7685040235519409,22.82605743408203,0.0002,2e-05,4,1.0,3.0,0.01,0.1,23270.457962036133,961.5263671875
2025-10-01 21:51:07,35,0.09166603512772056,0.08541000805140375,0.0008782081953617265,0.016689110210733053,0.034545114481350093,0.003912685684294307,24.297121047973633,2.003823757171631,0.7717939019203186,0.04366759955883026,22.586715698242188,2.4716432094573975,0.7383548617362976,0.05440124496817589,0.6516279578208923,0.7658924460411072,22.82605743408203,0.0002,2e-05,4,1.0,3.0,0.01,0.1,23991.557357788086,960.7763671875
2025-10-01 22:03:13,36,0.09173382158506423,0.08502174762069892,0.001031562902135924,0.016586100897834414,0.03451524241605491,0.004633475436603875,24.307621002197266,1.9758380651474,0.7734572291374207,0.04226207360625267,22.924543380737305,2.5139803886413574,0.7483873963356018,0.054748449474573135,0.6570212244987488,0.769868791103363,22.924543380737305,0.0002,2e-05,4,1.0,3.0,0.01,0.1,24717.41396856308,961.5263671875
2025-10-01 22:15:21,37,0.09243238892424144,0.08465493783341728,0.0013820206058682172,0.016434426215621037,0.03467044905381897,0.003910273948049808,24.366329193115234,2.0141913890838623,0.7742750644683838,0.04279683157801628,22.815641403198242,2.4938302040100098,0.7403243184089661,0.056118108332157135,0.6527315974235535,0.766593873500824,22.924543380737305,0.0002,2e-05,4,1.0,3.0,0.01,0.1,25445.444234609604,961.5263671875
2025-10-01 22:27:41,38,0.09299198054119287,0.08413576042327654,0.0017462946029743627,0.016272380820401812,0.03454612528438593,0.004911533763483781,24.393434524536133,1.987038254737854,0.7752270698547363,0.04133758321404457,22.837621688842773,2.4570467472076416,0.7431652545928955,0.05451372638344765,0.6562671065330505,0.7692811489105225,22.924543380737305,0.0002,2e-05,4,1.0,3.0,0.01,0.1,26185.070900678635,960.7763671875
2025-10-01 22:39:53,39,0.0898986303576956,0.08360927386162945,0.0008932903994383157,0.01615358954543923,0.03447949401561902,0.003916428689870492,24.416587829589844,1.9683315753936768,0.7768989205360413,0.0400683730840683,22.853670120239258,2.472209930419922,0.7442082166671753,0.0545976348221302,0.6560876369476318,0.7692285180091858,22.924543380737305,0.0002,2e-05,4,1.0,3.0,0.01,0.1,26917.21468114853,961.5263671875
2025-10-01 22:52:01,40,0.09021488630555319,0.08333957447435432,0.0010906061711412776,0.01605770638394591,0.034429162362803,0.00420188000950205,24.46125602722168,2.0129001140594482,0.7776095867156982,0.040703773498535156,22.805599212646484,2.4703803062438965,0.7417069673538208,0.05432232469320297,0.6510006785392761,0.7650545835494995,22.924543380737305,0.0002,2e-05,4,1.0,3.0,0.01,0.1,27645.799152851105,961.5263671875
2025-10-01 23:03:59,41,0.08859168673296604,0.082987475399112,0.0006704659125031514,0.01590661265450368,0.03433747452109153,0.003851665265136654,24.48933982849121,1.9823241233825684,0.7792607545852661,0.04035835340619087,22.873153686523438,2.4990601539611816,0.7430859804153442,0.05619922652840614,0.6533204317092896,0.7669169902801514,22.924543380737305,0.0002,2e-05,4,1.0,3.0,0.01,0.1,28363.10695695877,960.7763671875
2025-10-01 23:15:54,42,0.08909978058676195,0.08255620477016597,0.0009844227219450187,0.015790331099633573,0.034324042183059136,0.0039602470281022185,24.519412994384766,1.9772720336914062,0.7805638313293457,0.04063064232468605,22.897436141967773,2.4868013858795166,0.746222972869873,0.054722853004932404,0.6540432572364807,0.7672197818756104,22.924543380737305,0.0002,2e-05,4,1.0,3.0,0.01,0.1,29078.707224845886,961.5263671875
2025-10-01 23:27:18,43,0.08760182416635827,0.08208905654960602,0.0006394107771966402,0.015640476503734003,0.03438130434183872,0.004334777614720943,24.573135375976562,2.004976272583008,0.7808175683021545,0.040846969932317734,22.954151153564453,2.5257363319396973,0.7456296682357788,0.055193912237882614,0.6533247828483582,0.7670518755912781,22.954151153564453,0.0002,2e-05,4,1.0,3.0,0.01,0.1,29762.200481414795,961.5263671875
2025-10-01 23:38:30,44,0.08769316798801707,0.08172074730936023,0.000798058557701634,0.015529140195176885,0.0342295354351916,0.0030980331656602364,24.602262496948242,1.9980117082595825,0.7828012108802795,0.04069611430168152,22.840381622314453,2.4683337211608887,0.7450293302536011,0.05493906885385513,0.653947114944458,0.7674036622047424,22.954151153564453,0.0002,2e-05,4,1.0,3.0,0.01,0.1,30434.347103834152,960.7763671875
2025-10-01 23:49:40,45,0.08707002518274246,0.0816887265269184,0.0005965200255073898,0.015510408600338641,0.03436634412330991,0.002352692854621417,24.60506820678711,1.995895504951477,0.7818993330001831,0.03912121802568436,22.808765411376953,2.455376148223877,0.7449617981910706,0.05521884560585022,0.6517327427864075,0.7656119465827942,22.954151153564453,0.0002,2e-05,4,1.0,3.0,0.01,0.1,31104.20347213745,961.5263671875
2025-10-02 00:01:03,46,0.09078392781770067,0.08112233664773676,0.0020299362489640533,0.01530625380165989,0.03418719846711286,0.003669761824882129,24.667795181274414,2.006021499633789,0.7842684984207153,0.03882985562086105,22.8642520904541,2.52498197555542,0.7452817559242249,0.055125992745161057,0.6557087898254395,0.7689570784568787,22.954151153564453,0.0002,2e-05,4,1.0,3.0,0.01,0.1,31787.314883708954,961.5263671875
2025-10-02 00:12:01,47,0.08636461414484724,0.0807924387763956,0.0006666096276740441,0.015219129980238383,0.034201551536623444,0.003294558309090252,24.701919555664062,2.021787405014038,0.785007894039154,0.03977857902646065,22.885507583618164,2.503032922744751,0.7451517581939697,0.055600862950086594,0.6531751155853271,0.7666513323783875,22.954151153564453,0.0002,2e-05,4,1.0,3.0,0.01,0.1,32445.550665140152,960.7763671875
2025-10-02 00:23:06,48,0.08515287225045488,0.08035020439331324,0.00041287888987253025,0.015076413560271016,0.03413267181489892,0.0032616682135714935,24.724403381347656,1.990415096282959,0.7864574193954468,0.03863581269979477,22.832565307617188,2.4447593688964844,0.7443285584449768,0.05532914400100708,0.6512337923049927,0.7652633190155029,22.954151153564453,0.0002,2e-05,4,1.0,3.0,0.01,0.1,33110.22604584694,961.5263671875
2025-10-02 00:34:19,49,0.08673445331474346,0.0799873011080026,0.0010639236484709593,0.014958203604276271,0.03405799248565687,0.0030197684245649725,24.763744354248047,1.9858381748199463,0.7875944972038269,0.03874306380748749,22.89695167541504,2.527397871017456,0.7500457167625427,0.05520441755652428,0.6575459837913513,0.7702372670173645,22.954151153564453,0.0002,2e-05,4,1.0,3.0,0.01,0.1,33783.48334026337,961.5263671875
2025-10-02 00:45:31,50,0.08559263916869428,0.07994759633850468,0.0006962323993460338,0.014960364386468644,0.03406741997535749,0.004400993901391892,24.775157928466797,2.0023715496063232,0.7874618768692017,0.0394858680665493,22.944202423095703,2.5413477420806885,0.749699056148529,0.05518042668700218,0.6579064726829529,0.770455002784729,22.954151153564453,0.0002,2e-05,4,1.0,3.0,0.01,0.1,34455.758432626724,960.7763671875
2025-10-02 00:56:38,51,0.08440662382124134,0.07937547758996982,0.0004970817220552026,0.014764096087010134,0.03392260159057564,0.00302229372891316,24.821046829223633,2.011265277862549,0.7900134325027466,0.038871582597494125,22.91632652282715,2.4648995399475098,0.7490599155426025,0.055042147636413574,0.6583923101425171,0.770623505115509,22.954151153564453,0.0002,2e-05,4,1.0,3.0,0.01,0.1,35122.072927474976,961.5263671875
2025-10-02 01:07:39,52,0.0837166239981913,0.07903990435532518,0.0003771034188489985,0.014677125220966843,0.033986380593350324,0.0028460891523966465,24.856033325195312,2.0144054889678955,0.790276825428009,0.03867708146572113,22.861970901489258,2.462924003601074,0.7465377449989319,0.054517220705747604,0.660018265247345,0.7720764875411987,22.954151153564453,0.0002,2e-05,4,1.0,3.0,0.01,0.1,35783.799129486084,961.5263671875
2025-10-02 01:18:36,53,0.0857147381367723,0.07874062527858851,0.001146533948956593,0.014582083813209213,0.03388690156190219,0.0024017823813994835,24.87534523010254,1.9985851049423218,0.7913952469825745,0.03773375600576401,22.9317626953125,2.536827802658081,0.7501344084739685,0.05510658770799637,0.6558314561843872,0.7690127491950989,22.954151153564453,0.0002,2e-05,4,1.0,3.0,0.01,0.1,36440.29930830002,960.7763671875
2025-10-02 01:29:34,54,0.08327525462197799,0.07862012131627491,0.00037326059270976233,0.014553330859245107,0.03389818219050185,0.001802389568183571,24.879077911376953,1.9884469509124756,0.7913993000984192,0.03763747587800026,22.94039535522461,2.496589183807373,0.7517386078834534,0.054500482976436615,0.6591642498970032,0.7714243531227112,22.954151153564453,0.0002,2e-05,4,1.0,3.0,0.01,0.1,37098.55573225021,961.5263671875
2025-10-02 01:40:35,55,0.08438612520531844,0.07802794355561914,0.0009450300212286922,0.014360434401969319,0.03379487178187001,0.003951988104285652,24.930307388305664,1.9765572547912598,0.7935935854911804,0.03707755729556084,22.820165634155273,2.4520702362060547,0.7443633675575256,0.05711014196276665,0.6588070392608643,0.7709435820579529,22.954151153564453,0.0002,2e-05,4,1.0,3.0,0.01,0.1,37758.88995885849,961.5263671875
2025-10-02 01:51:32,56,0.0837655298861422,0.07791335295819017,0.000775704957191215,0.01430751407442832,0.03381986997510129,0.0020525755001242264,24.960241317749023,1.9959636926651,0.7940083146095276,0.03841780871152878,22.950185775756836,2.493642568588257,0.7511893510818481,0.05514519661664963,0.6581933498382568,0.7704817652702332,22.954151153564453,0.0002,2e-05,4,1.0,3.0,0.01,0.1,38416.48364973068,960.7763671875
2025-10-02 02:02:28,57,0.08313435575080637,0.0774648222839358,0.0007150129559483002,0.014177691335694161,0.03382717577922172,0.0022561973719448262,24.994428634643555,1.9914461374282837,0.7950193285942078,0.0380767285823822,22.86801528930664,2.4362282752990723,0.7486696243286133,0.05505242571234703,0.658202588558197,0.7703174352645874,22.954151153564453,0.0002,2e-05,4,1.0,3.0,0.01,0.1,39072.524577617645,961.5263671875
2025-10-02 02:13:23,58,0.08169951516309054,0.07740018848422629,0.0002626247178551916,0.01416571268499888,0.03369795311784765,0.0013899133306580012,24.995746612548828,1.991363286972046,0.795261561870575,0.03669684752821922,22.892868041992188,2.5496833324432373,0.750327467918396,0.056049369275569916,0.65787672996521,0.7701815962791443,22.954151153564453,0.0002,2e-05,4,1.0,3.0,0.01,0.1,39727.62264442444,961.5263671875
2025-10-02 02:24:20,59,0.08173493009710552,0.07692278422346843,0.00043450268430244627,0.014064636581325288,0.03367991545443249,0.001368311677731901,25.05071449279785,2.0325329303741455,0.7970387935638428,0.03672659397125244,23.011316299438477,2.5358564853668213,0.753991425037384,0.05592798814177513,0.6608380675315857,0.772509753704071,23.011316299438477,0.0002,2e-05,4,1.0,3.0,0.01,0.1,40384.60519337654,960.7763671875
2025-10-02 02:35:22,60,0.08129055797076402,0.07668645864016216,0.0003663145433039815,0.01395585925420514,0.033655971432024076,0.0015487473113922872,25.087600708007812,2.038076400756836,0.7982404232025146,0.03737645968794823,22.927688598632812,2.537338972091675,0.7508505582809448,0.055825792253017426,0.6546218991279602,0.7679605484008789,23.011316299438477,0.0002,2e-05,4,1.0,3.0,0.01,0.1,41045.93816661835,961.5263671875
2025-10-02 02:46:30,61,0.08117275597762999,0.07639351852521606,0.0004267956452071471,0.013863707361168667,0.033602135328418783,0.0011438521202193103,25.108572006225586,2.029592514038086,0.7987949848175049,0.03707592189311981,22.954118728637695,2.5328071117401123,0.7512248754501343,0.05434393882751465,0.6532634496688843,0.7672247886657715,23.011316299438477,0.0002,2e-05,4,1.0,3.0,0.01,0.1,41714.35706472397,961.5263671875
2025-10-02 02:57:28,62,0.08139775738374187,0.07621977944619332,0.0005597691830693691,0.01381075444090077,0.0336056281032654,0.0014205392159695562,25.11210823059082,2.0057711601257324,0.7989420890808105,0.03651205822825432,22.84068489074707,2.501814603805542,0.7501612305641174,0.05591350793838501,0.6599437594413757,0.7718160152435303,23.011316299438477,0.0002,2e-05,4,1.0,3.0,0.01,0.1,42372.08754277229,960.7763671875
2025-10-02 03:08:25,63,0.08080426307584868,0.07566154015685828,0.0005529202687503973,0.013648858445174878,0.0334747357820912,0.0020909423797242956,25.182069778442383,2.0347800254821777,0.8008939027786255,0.03544967994093895,22.9470157623291,2.573803186416626,0.751906156539917,0.05556667223572731,0.66158127784729,0.7731286883354187,23.011316299438477,0.0002,2e-05,4,1.0,3.0,0.01,0.1,43029.180468559265,961.5263671875
2025-10-02 03:19:22,64,0.08217650085400952,0.07565458147095498,0.0010089075924947966,0.013632394801918947,0.033588724674279896,0.0014525121792698034,25.15256690979004,1.977675199508667,0.8004952073097229,0.03506188839673996,23.004077911376953,2.5106446743011475,0.7557118535041809,0.05441365763545036,0.6604059934616089,0.7722164392471313,23.011316299438477,0.0002,2e-05,4,1.0,3.0,0.01,0.1,43686.08922624588,961.5263671875
2025-10-02 03:30:19,65,0.08123132082498068,0.07532221793796123,0.0008053798052218578,0.013519847144445655,0.033577649208672664,0.00125931384256826,25.21323585510254,2.0185744762420654,0.8018453121185303,0.03653240576386452,22.928050994873047,2.554409980773926,0.7529482841491699,0.05562196299433708,0.6587736010551453,0.7712385058403015,23.011316299438477,0.0002,2e-05,4,1.0,3.0,0.01,0.1,44343.67681193352,960.7763671875
2025-10-02 03:41:23,66,0.07994263391790299,0.07494513260605401,0.0005081841183596971,0.013445669919831468,0.03338492276317228,0.0015986185299570336,25.23519515991211,2.0074448585510254,0.8029893040657043,0.035546548664569855,22.93421745300293,2.5438232421875,0.7543306350708008,0.05578446015715599,0.661192774772644,0.7729628086090088,23.011316299438477,0.0002,2e-05,4,1.0,3.0,0.01,0.1,45007.10578250885,961.5263671875
2025-10-02 03:52:28,67,0.07872495332762931,0.07477648255374945,0.00015514889362411925,0.013369320196461603,0.03349330887087683,0.0009488018974310022,25.260604858398438,2.0086023807525635,0.8032327890396118,0.036324553191661835,22.82185173034668,2.454343557357788,0.7458823919296265,0.0555657260119915,0.6576060056686401,0.7699882984161377,23.011316299438477,0.0002,2e-05,4,1.0,3.0,0.01,0.1,45671.961997509,961.5263671875
2025-10-02 04:03:25,68,0.07972540111685351,0.07471137692574387,0.0005101440395841183,0.013336892944756956,0.03350223095905953,0.0013654942021086034,25.244474411010742,1.966485619544983,0.8036295771598816,0.03524840623140335,22.94382095336914,2.5173747539520264,0.7516507506370544,0.056308403611183167,0.6598697900772095,0.7718582153320312,23.011316299438477,0.0002,2e-05,4,1.0,3.0,0.01,0.1,46329.286784648895,960.7763671875
2025-10-02 04:14:22,69,0.07867893829264128,0.07423115386307944,0.0003230174434002074,0.013205786744966634,0.03346674276534574,0.0009439175826648332,25.311811447143555,2.0187973976135254,0.804823100566864,0.035404104739427567,22.934856414794922,2.5188686847686768,0.7539849281311035,0.0555536113679409,0.6569284796714783,0.7697604298591614,23.011316299438477,0.0002,2e-05,4,1.0,3.0,0.01,0.1,46986.30210971832,961.5263671875
2025-10-02 04:25:19,70,0.07923576795134839,0.07417901651302591,0.000527815259629533,0.01319991521548299,0.03341306512096223,0.0013024150438678379,25.321006774902344,2.0232346057891846,0.8050057888031006,0.035554174333810806,23.010305404663086,2.5635900497436523,0.755897045135498,0.05537503957748413,0.6615406274795532,0.772973358631134,23.011316299438477,0.0002,2e-05,4,1.0,3.0,0.01,0.1,47643.51448345184,961.5263671875
2025-10-02 04:36:19,71,0.07776540863296326,0.07370452013373323,0.00019983828554525834,0.013050939585906862,0.03330864382978605,0.0012683321057900706,25.34773826599121,1.980947494506836,0.8061934113502502,0.03421275317668915,22.91455841064453,2.536039113998413,0.7532615661621094,0.05565774813294411,0.6619366407394409,0.7734448313713074,23.011316299438477,0.0002,2e-05,4,1.0,3.0,0.01,0.1,48303.58384799957,960.7763671875
2025-10-02 04:47:21,72,0.07940243837591807,0.07359921353961581,0.0007789276495623477,0.012990678619441894,0.03336535221528528,0.001144301150746357,25.36858558654785,1.9866935014724731,0.8060274720191956,0.03372880071401596,22.683565139770508,2.5219080448150635,0.7455701231956482,0.05630871653556824,0.66007000207901,0.7721135020256042,23.011316299438477,0.0002,2e-05,4,1.0,3.0,0.01,0.1,48964.862359046936,961.5263671875
2025-10-02 04:58:21,73,0.07921245342318439,0.0734202015296335,0.0007757466000121673,0.012940875950721827,0.0333560331450522,0.0014766739975759545,25.399246215820312,2.0086138248443604,0.8065353035926819,0.03462723642587662,22.913475036621094,2.4865047931671143,0.7499285340309143,0.05590945854783058,0.6603403091430664,0.7722793817520142,23.011316299438477,0.0002,2e-05,4,1.0,3.0,0.01,0.1,49625.09405040741,961.5263671875
2025-10-02 05:09:20,74,0.07685246194945343,0.0729292853673082,0.00015779786185518492,0.012795660569636737,0.0332182636936523,0.0006880106644770182,25.460803985595703,2.031233310699463,0.8085587620735168,0.03493216633796692,22.87639617919922,2.538266181945801,0.7521937489509583,0.05605694651603699,0.6610764861106873,0.7726064324378967,23.011316299438477,0.0002,2e-05,4,1.0,3.0,0.01,0.1,50284.04012799263,960.7763671875
2025-10-02 05:20:19,75,0.07705448457916647,0.07271689983841421,0.0002951227398276868,0.012724749230224661,0.033249690327312835,0.0008244762066969198,25.47850227355957,2.0255770683288574,0.8086645007133484,0.03518049791455269,22.97258186340332,2.558905839920044,0.7547677159309387,0.05514620989561081,0.6622006893157959,0.7735043168067932,23.011316299438477,0.0002,2e-05,4,1.0,3.0,0.01,0.1,50943.142513751984,961.5263671875
2025-10-02 05:31:20,76,0.07710454258684983,0.07247964022041775,0.00039482992736207295,0.012658942291174275,0.03313823344668917,0.0009861117421398656,25.492887496948242,2.0124692916870117,0.810023307800293,0.034364961087703705,22.898292541503906,2.554154872894287,0.7539815902709961,0.05581289529800415,0.6614224314689636,0.7732117176055908,23.011316299438477,0.0002,2e-05,4,1.0,3.0,0.01,0.1,51604.08068418503,961.5263671875
2025-10-02 05:42:19,77,0.07635457980701847,0.0722875241703298,0.00020649658822173293,0.012570038426542841,0.03321865400373545,0.0006308450285539768,25.50514030456543,1.960140585899353,0.8101381659507751,0.034097734838724136,22.890239715576172,2.501682758331299,0.7488207221031189,0.0560985691845417,0.6547365784645081,0.7679896354675293,23.011316299438477,0.0002,2e-05,4,1.0,3.0,0.01,0.1,52263.35383558273,960.7763671875
2025-10-02 05:53:20,78,0.08310012102361637,0.0721962704658378,0.002487263212432428,0.012544794602174626,0.03316612894169149,0.0009764523155564137,25.523954391479492,1.9909746646881104,0.8103749752044678,0.033923666924238205,22.872234344482422,2.4605133533477783,0.7474778890609741,0.056312136352062225,0.6596075296401978,0.7712746858596802,23.011316299438477,0.0002,2e-05,4,1.0,3.0,0.01,0.1,52923.958458423615,961.5263671875
2025-10-02 06:04:29,79,0.07619255992767589,0.07198175653541615,0.00025451269800544975,0.012473350597967389,0.03322531763100968,0.0009013399017871112,25.524524688720703,1.941622257232666,0.810571551322937,0.0332627147436142,22.984708786010742,2.5698230266571045,0.7551316022872925,0.056549154222011566,0.6604970693588257,0.7721953392028809,23.011316299438477,0.0002,2e-05,4,1.0,3.0,0.01,0.1,53593.27073931694,961.5263671875
2025-10-02 06:15:44,80,0.08989577256322272,0.07182259864984614,0.00487808909998098,0.012452911400791236,0.0331437745154764,0.0013184333074605092,25.545211791992188,1.9703037738800049,0.8108826875686646,0.033446069806814194,22.94005584716797,2.511841058731079,0.7545331716537476,0.0567178837954998,0.6603097915649414,0.7719143033027649,23.011316299438477,0.0002,2e-05,4,1.0,3.0,0.01,0.1,54268.546088695526,960.7763671875
2025-10-02 06:26:46,81,0.07601018528855936,0.07152785098886302,0.0003485131011525854,0.012311650041933039,0.03313678562979955,0.0006689904018987743,25.594274520874023,1.9655731916427612,0.8120795488357544,0.033628713339567184,22.973989486694336,2.5390405654907227,0.7545010447502136,0.0567430779337883,0.6622827053070068,0.773600697517395,23.011316299438477,0.0002,2e-05,4,1.0,3.0,0.01,0.1,54930.22405719757,961.5263671875
2025-10-02 06:37:46,82,0.07585690083217558,0.07115984280647854,0.00042206654257879875,0.012214101611029407,0.03308717454944472,0.0016401296026223072,25.642669677734375,1.9997737407684326,0.8137763142585754,0.03430470451712608,22.995128631591797,2.5530738830566406,0.7580987811088562,0.056354373693466187,0.6643340587615967,0.7751992344856262,23.011316299438477,0.0002,2e-05,4,1.0,3.0,0.01,0.1,55590.31026530266,961.5263671875
2025-10-02 06:48:45,83,0.07469314912592265,0.07084996254718037,0.00014070449037886494,0.012138579740072142,0.03299687280892596,0.0014184844777836198,25.653932571411133,1.9634449481964111,0.8146750330924988,0.03288698568940163,23.014270782470703,2.56215763092041,0.7576290965080261,0.05513543635606766,0.6628316640853882,0.7743151187896729,23.014270782470703,0.0002,2e-05,4,1.0,3.0,0.01,0.1,56249.04050564766,960.7763671875
2025-10-02 06:59:44,84,0.0760554158852436,0.07099468418680845,0.000541004816491651,0.01217052543895815,0.03316011916720612,0.0006425925845518237,25.66793441772461,2.0125021934509277,0.8132423758506775,0.03374850004911423,22.874845504760742,2.5158779621124268,0.7498173117637634,0.05587369203567505,0.6548638343811035,0.7681000232696533,23.014270782470703,0.0002,2e-05,4,1.0,3.0,0.01,0.1,56908.57582426071,961.5263671875
2025-10-02 07:10:42,85,0.07494287099322743,0.0705814403092882,0.00031594893142900525,0.012065196995105013,0.03292931914068905,0.0005770220228881514,25.689395904541016,1.9871160984039307,0.814812958240509,0.03379397466778755,22.961965560913086,2.536630392074585,0.7570965886116028,0.05529247224330902,0.66298508644104,0.7742558121681213,23.014270782470703,0.0002,2e-05,4,1.0,3.0,0.01,0.1,57566.40454053879,961.5263671875
2025-10-02 07:21:41,86,0.07475356761875974,0.07045932639769764,0.0002918834839619451,0.011985396960229789,0.03298736859160216,0.0008468304953127229,25.70083236694336,1.9573264122009277,0.8153861165046692,0.0329880453646183,22.973957061767578,2.5260422229766846,0.7563409209251404,0.055277884006500244,0.6594179272651672,0.771621823310852,23.014270782470703,0.0002,2e-05,4,1.0,3.0,0.01,0.1,58225.17516541481,960.7763671875
2025-10-02 07:32:39,87,0.0742947801061473,0.07008913743167555,0.00026595680868537547,0.011879478063056458,0.03288977439089743,0.0005916856487721696,25.752294540405273,1.9788330793380737,0.816412627696991,0.03330706059932709,23.06577491760254,2.5888450145721436,0.7609002590179443,0.05571090057492256,0.6650642156600952,0.7757254242897034,23.06577491760254,0.0002,2e-05,4,1.0,3.0,0.01,0.1,58883.56147789955,961.5263671875
2025-10-02 07:43:46,88,0.07765698981046625,0.0700727856486293,0.0013908692825409072,0.011878399088185493,0.032928123190562486,0.00084797810341315,25.737977981567383,1.942645788192749,0.8163871169090271,0.03314166143536568,23.066509246826172,2.604475259780884,0.7607949376106262,0.0569632463157177,0.6646239757537842,0.775312602519989,23.066509246826172,0.0002,2e-05,4,1.0,3.0,0.01,0.1,59550.23855853081,961.5263671875
2025-10-02 07:54:47,89,0.07635273253866873,0.06986371033743942,0.0010279985595427383,0.011815326087682572,0.03286873267423549,0.0006881164756902893,25.76799201965332,1.965000867843628,0.8170582056045532,0.03251611441373825,23.01773452758789,2.560863494873047,0.7577683329582214,0.055805545300245285,0.6649597883224487,0.7756013870239258,23.066509246826172,0.0002,2e-05,4,1.0,3.0,0.01,0.1,60211.54399776459,960.7763671875
2025-10-02 08:05:49,90,0.0737325137894019,0.06951211312574802,0.00027394128865865507,0.011680519999345747,0.032817715476786254,0.000676807094810551,25.810285568237305,1.9526941776275635,0.8181885480880737,0.03196566924452782,23.02256965637207,2.544482469558716,0.7574277520179749,0.05457988381385803,0.663556694984436,0.7745404839515686,23.066509246826172,0.0002,2e-05,4,1.0,3.0,0.01,0.1,60873.37343764305,961.5263671875
2025-10-02 08:16:51,91,0.07460824159761156,0.06950477138487439,0.0005656462196126287,0.011668732890083076,0.032898442944325264,0.0006583111437346536,25.80270004272461,1.9186370372772217,0.8176438808441162,0.03178664669394493,22.925918579101562,2.4907288551330566,0.7538972496986389,0.055462535470724106,0.6607576608657837,0.7724967002868652,23.066509246826172,0.0002,2e-05,4,1.0,3.0,0.01,0.1,61535.11081981659,961.5263671875
2025-10-02 08:27:53,92,0.07360209846990463,0.0692770180561603,0.00030755366309443067,0.011647969562719952,0.03285939692408433,0.0006346260454917613,25.82209587097168,1.9331674575805664,0.818604052066803,0.03199077770113945,22.988067626953125,2.5081589221954346,0.7575824856758118,0.054872289299964905,0.6627337336540222,0.7739593982696533,23.066509246826172,0.0002,2e-05,4,1.0,3.0,0.01,0.1,62197.629346609116,960.7763671875
2025-10-02 08:39:03,93,0.07504682938084103,0.0692044318579121,0.0008152757116351338,0.011598620664635384,0.032805842711094636,0.0007473968733712943,25.83965492248535,1.9328725337982178,0.8190944194793701,0.031968362629413605,23.023963928222656,2.5373880863189697,0.7567569613456726,0.05447907745838165,0.6591921448707581,0.7713556885719299,23.066509246826172,0.0002,2e-05,4,1.0,3.0,0.01,0.1,62866.97690796852,961.5263671875
2025-10-02 08:50:16,94,0.07422906915348954,0.06895479912066178,0.0006259566736456795,0.011529363984906673,0.032811063525454674,0.0005360032044156649,25.863767623901367,1.9426778554916382,0.8192733526229858,0.03153269365429878,22.936237335205078,2.5646474361419678,0.7567402124404907,0.056878603994846344,0.665011465549469,0.7757329344749451,23.066509246826172,0.0002,2e-05,4,1.0,3.0,0.01,0.1,63540.115857839584,961.5263671875
2025-10-02 09:01:14,95,0.07758728710581864,0.06877344730910798,0.00180765496921558,0.01148504109879704,0.03276024481903063,0.0009101427250633216,25.906110763549805,1.998183250427246,0.8201779723167419,0.03238261863589287,22.99633026123047,2.541367292404175,0.7567683458328247,0.05590061843395233,0.6647442579269409,0.7755759954452515,23.066509246826172,0.0002,2e-05,4,1.0,3.0,0.01,0.1,64198.764325618744,960.7763671875
2025-10-02 09:12:15,96,0.07258155530992168,0.06862528179578767,0.00018924372821890113,0.011439205250761031,0.03274150326307236,0.0005919436197683143,25.890012741088867,1.925676703453064,0.820396900177002,0.032424334436655045,23.01004981994629,2.542872905731201,0.7591269016265869,0.05498393997550011,0.6645150184631348,0.7753742933273315,23.066509246826172,0.0002,2e-05,4,1.0,3.0,0.01,0.1,64859.29834270477,961.5263671875
2025-10-02 09:23:15,97,0.0723728191402342,0.06845897723153839,0.00017754077070115034,0.011361686520666946,0.032676027912628615,0.0006646618911782843,25.930166244506836,1.946505069732666,0.8211891651153564,0.03194107487797737,22.999780654907227,2.5811572074890137,0.7578490376472473,0.055946338921785355,0.6647967100143433,0.7756226658821106,23.066509246826172,0.0002,2e-05,4,1.0,3.0,0.01,0.1,65519.62565922737,961.5263671875
2025-10-02 09:34:16,98,0.07389888976455047,0.06830435714863198,0.0007370771749862575,0.01130611673382302,0.03270240053110994,0.0007494380317019442,25.9538516998291,1.9431211948394775,0.8213603496551514,0.032394979149103165,22.97879409790039,2.52890944480896,0.7565699219703674,0.05500636249780655,0.6659478545188904,0.7763280868530273,23.066509246826172,0.0002,2e-05,4,1.0,3.0,0.01,0.1,66180.66958475113,960.7763671875
2025-10-02 09:45:17,99,0.07173412246772125,0.0680623725382428,9.937778806675306e-05,0.011249063645762761,0.03261125812271979,0.00046169157112772055,25.962501525878906,1.9262579679489136,0.8220319747924805,0.03143396973609924,23.006141662597656,2.560734510421753,0.7593876719474792,0.05494258925318718,0.6653013825416565,0.7757557034492493,23.066509246826172,0.0002,2e-05,4,1.0,3.0,0.01,0.1,66841.6976044178,961.5263671875
2025-10-02 09:56:18,100,0.07258722787152017,0.06803840866770919,0.0003897430591310077,0.011211261029424864,0.03267477358278876,0.0005382884043613628,25.99311065673828,1.9614568948745728,0.8214069604873657,0.03186335042119026,22.939542770385742,2.5743966102600098,0.7556645274162292,0.05577940121293068,0.6607743501663208,0.7727017998695374,23.066509246826172,0.0002,2e-05,4,1.0,3.0,0.01,0.1,67502.75412392616,961.5263671875
2025-10-03 22:58:12,1,1.2988859694964197,0.44207605288234086,0.2815109572695445,0.33842422341773953,0.088928022497233,0.30816084473997685,10.945500373840332,1.3915257453918457,0.03450905904173851,0.0411088801920414,13.321619987487793,0.6700105667114258,0.13684016466140747,0.022627171128988266,0.33419281244277954,0.4670456647872925,13.321619987487793,0.0002,2e-05,4,1.0,3.0,0.01,0.1,666.7714037895203,157.43896484375
2025-10-03 23:14:43,1,0.25402643655031387,0.20226813865818205,0.01525246391213769,0.10193349518106658,0.04981571292585299,0.017841535323596263,16.048419952392578,0.9675570726394653,0.335395872592926,0.059859052300453186,16.690982818603516,0.9707845449447632,0.4074176847934723,0.04375532269477844,0.5494881868362427,0.6841700077056885,16.690982818603516,0.0002,2e-05,4,1.0,3.0,0.01,0.1,679.949038028717,157.43896484375
2025-10-04 15:51:50,1,1.3709866007733773,0.41504483975903356,0.3146731962002309,0.29272827184195077,0.08994891521552269,0.34936684599289525,11.501036643981934,1.1398266553878784,0.0383971706032753,0.03767705336213112,13.450061798095703,0.6645114421844482,0.13164517283439636,0.019898973405361176,0.27627047896385193,0.3977920413017273,13.450061798095703,0.0002,2e-05,4,1.0,3.0,0.01,0.15,740.6526048183441,1068.57861328125
2025-10-04 16:04:13,2,0.3268746182446298,0.23819155411189646,0.027150556979807616,0.13232110946992626,0.05908182108303215,0.030797816587837187,14.927634239196777,1.0291639566421509,0.26144614815711975,0.0750659629702568,15.684966087341309,0.9590537548065186,0.3453734815120697,0.043064117431640625,0.4960148334503174,0.6349220275878906,15.684966087341309,0.0002,2e-05,4,1.0,3.0,0.01,0.15,1483.984061717987,1067.82861328125
2025-10-04 16:16:51,3,0.22906914327959854,0.18692026061551978,0.012193761151658626,0.08967888102775898,0.04670810574363505,0.01408165373972484,16.616891860961914,1.0065900087356567,0.40597450733184814,0.05285200849175453,17.124305725097656,0.9397740960121155,0.41232845187187195,0.04229890927672386,0.5627691149711609,0.6938735842704773,17.124305725097656,0.0002,2e-05,4,1.0,3.0,0.01,0.15,2242.0085504055023,1068.82861328125
2025-10-04 16:29:24,4,0.19170063510569726,0.16392237695677603,0.007605183819715287,0.06807420770407609,0.042819646544262575,0.00909435064378348,17.858291625976562,1.1587018966674805,0.4686553180217743,0.049007173627614975,18.340200424194336,1.1743279695510864,0.48936399817466736,0.045175597071647644,0.5938907861709595,0.719772219657898,18.340200424194336,0.0002,2e-05,4,1.0,3.0,0.01,0.15,2994.719864845276,1068.57861328125
2025-10-04 16:41:21,5,0.17055179669338905,0.14976917546051893,0.005384299135777104,0.053303101750365185,0.040966926311164324,0.006806671435197631,18.98004722595215,1.3466591835021973,0.5066927075386047,0.05023859068751335,19.34659767150879,1.4835875034332275,0.5208287239074707,0.04906608164310455,0.6097310781478882,0.7336381077766418,19.34659767150879,0.0002,2e-05,4,1.0,3.0,0.01,0.15,3711.4577362537384,1067.82861328125
2025-10-04 16:52:44,6,0.15733413494370835,0.1405476565783494,0.004119099840130062,0.044570671039367536,0.039834723495530105,0.005410356590381036,19.813657760620117,1.4892256259918213,0.5366577506065369,0.050583671778440475,19.798017501831055,1.714349389076233,0.5468014478683472,0.04863284155726433,0.615097165107727,0.7376348972320557,19.798017501831055,0.0002,2e-05,4,1.0,3.0,0.01,0.15,4394.980408191681,1068.82861328125
2025-10-04 17:04:00,7,0.14870027960923546,0.13457802262533478,0.0032696377605714545,0.03963109903741232,0.039170325662456956,0.004553318711939257,20.38834571838379,1.6516737937927246,0.5606131553649902,0.05376912280917168,20.528095245361328,1.6478091478347778,0.5727521181106567,0.04773590713739395,0.6149805784225464,0.7378724813461304,20.528095245361328,0.0002,2e-05,4,1.0,3.0,0.01,0.15,5070.851675033569,1068.57861328125
2025-10-04 17:15:16,8,0.14199556121346102,0.12970259595071065,0.002689857946989376,0.03622810243029077,0.03861110472084916,0.004192348618244568,20.82209014892578,1.7430410385131836,0.5831643342971802,0.05436430871486664,21.145418167114258,1.817198395729065,0.60422682762146,0.04865645244717598,0.6155985593795776,0.7376542091369629,21.145418167114258,0.0002,2e-05,4,1.0,3.0,0.01,0.15,5746.4561495780945,1067.82861328125
2025-10-04 17:26:19,9,0.13690206410781128,0.1256287992977919,0.0023723680394281,0.03374124974766555,0.03818747983731502,0.0035213617234398703,21.168075561523438,1.829788327217102,0.6033229231834412,0.05403090640902519,21.355587005615234,1.841972827911377,0.6169834733009338,0.051916930824518204,0.6225333213806152,0.742631196975708,21.355587005615234,0.0002,2e-05,4,1.0,3.0,0.01,0.15,6409.599130153656,1068.82861328125
2025-10-04 17:38:26,10,0.1331687711299795,0.12255441299694618,0.002167005673804042,0.032128168725268934,0.03792059447601678,0.007943703102173058,21.426681518554688,1.9297518730163574,0.6194747686386108,0.05493905022740364,21.393783569335938,1.8468499183654785,0.6179049015045166,0.052708253264427185,0.6067988872528076,0.7303107976913452,21.393783569335938,0.0002,2e-05,4,1.0,3.0,0.01,0.15,7136.729031801224,1068.57861328125
2025-10-04 17:50:35,11,0.12880274914058473,0.11950084612027599,0.001747602708153117,0.030609890595844052,0.03752995913446758,0.003541383449663664,21.657045364379883,1.962562918663025,0.6357975006103516,0.0539434440433979,21.540672302246094,2.023930072784424,0.6425958275794983,0.050873737782239914,0.6319719552993774,0.7504366040229797,21.540672302246094,0.0002,2e-05,4,1.0,3.0,0.01,0.15,7865.233907222748,1067.82861328125
2025-10-04 18:01:59,12,0.12576193218479836,0.11707164669042078,0.0015577550063096638,0.02956827541680499,0.03721337762523229,0.0037047980445345024,21.838748931884766,2.0360841751098633,0.6494129300117493,0.053826235234737396,21.782283782958984,2.173900604248047,0.6544349789619446,0.053498778492212296,0.6333800554275513,0.7515645623207092,21.782283782958984,0.0002,2e-05,4,1.0,3.0,0.01,0.15,8549.890251874924,1068.82861328125
2025-10-04 18:13:06,13,0.12397534311286841,0.11535715761341588,0.0015401033777814842,0.0288442058458592,0.03709433304987258,0.004918329866736063,21.948841094970703,2.0422792434692383,0.6596886515617371,0.05345778912305832,21.944255828857422,2.0901854038238525,0.6672598123550415,0.05107057839632034,0.6340660452842712,0.7519419193267822,21.944255828857422,0.0002,2e-05,4,1.0,3.0,0.01,0.15,9216.786185503006,1068.57861328125
2025-10-04 18:24:14,14,0.12145608735556263,0.11361803625888266,0.0012920245661688981,0.028089977941745798,0.0368107761104502,0.003382753252031302,22.088417053222656,2.082944393157959,0.6678683161735535,0.05408088490366936,22.01551628112793,2.1775949001312256,0.6758936643600464,0.051139917224645615,0.6381799578666687,0.7555802464485168,22.01551628112793,0.0002,2e-05,4,1.0,3.0,0.01,0.15,9884.554202079773,1067.82861328125
2025-10-04 18:35:20,15,0.11981578741041812,0.11249351755898751,0.001127480533499121,0.02774285939780675,0.03662399772373828,0.0028901720012712117,22.17167854309082,2.1377110481262207,0.6761508584022522,0.055662140250205994,22.252269744873047,2.1246299743652344,0.6846340894699097,0.04963948577642441,0.6421129107475281,0.7585726380348206,22.252269744873047,0.0002,2e-05,4,1.0,3.0,0.01,0.15,10550.237079620361,1068.82861328125
2025-10-04 18:46:19,16,0.11879700845800532,0.11113935814552241,0.0012463942051360814,0.027153491691263108,0.0364693281793365,0.007965321261128719,22.24660873413086,2.115358829498291,0.6815847158432007,0.05289192497730255,22.12632942199707,2.2203409671783447,0.6832547783851624,0.052149079740047455,0.6409533023834229,0.7575284242630005,22.252269744873047,0.0002,2e-05,4,1.0,3.0,0.01,0.15,11209.21318769455,1068.57861328125
2025-10-04 18:57:13,17,0.11656098528738672,0.1097171628138333,0.0009842946794488565,0.02654866295755496,0.03625451585430217,0.00345587197327884,22.386560440063477,2.1804914474487305,0.6897134780883789,0.05590636283159256,22.1810359954834,2.3042283058166504,0.6926451325416565,0.052883706986904144,0.6382126808166504,0.7557758688926697,22.252269744873047,0.0002,2e-05,4,1.0,3.0,0.01,0.15,11863.508393287659,1067.82861328125
2025-10-04 19:08:07,18,0.11652186920008756,0.10901944285195939,0.0012042287592095545,0.02633420211781398,0.03626398003982257,0.004676416002029738,22.410654067993164,2.1586012840270996,0.6943504214286804,0.05406960844993591,22.332571029663086,2.190056800842285,0.6985777616500854,0.05210922658443451,0.6446998119354248,0.7605312466621399,22.332571029663086,0.0002,2e-05,4,1.0,3.0,0.01,0.15,12517.75237417221,1068.82861328125
2025-10-04 19:19:06,19,0.11421072197516881,0.10785035092984686,0.0008329226119290251,0.025896493936992716,0.03602638294668661,0.003993754687074285,22.49480438232422,2.180323839187622,0.7000797986984253,0.0531180165708065,22.167573928833008,2.277599573135376,0.6941856145858765,0.052683476358652115,0.6455473303794861,0.761318027973175,22.332571029663086,0.0002,2e-05,4,1.0,3.0,0.01,0.15,13176.991865634918,1068.57861328125
2025-10-04 19:30:13,20,0.11363077968046245,0.1070562335236994,0.0009088626261001859,0.025600587962798783,0.035919523051486664,0.004627808818470809,22.5334529876709,2.170895576477051,0.7039282321929932,0.05405174195766449,22.26605796813965,2.119194746017456,0.6901842951774597,0.05073430761694908,0.6267067193984985,0.7460314631462097,22.332571029663086,0.0002,2e-05,4,1.0,3.0,0.01,0.15,13843.160837650299,1067.82861328125
2025-10-04 19:41:21,21,0.11300853846385378,0.10655489816584074,0.000869479880432898,0.02537546693752583,0.03591446069634842,0.004815970590993107,22.588741302490234,2.2097983360290527,0.7068066596984863,0.053433921188116074,22.599143981933594,2.276275157928467,0.7150838971138,0.05121137946844101,0.6483698487281799,0.7633618116378784,22.599143981933594,0.0002,2e-05,4,1.0,3.0,0.01,0.15,14511.589722394943,1068.82861328125
2025-10-04 19:52:29,22,0.11284202168511157,0.10543603003741771,0.0011947676175559571,0.025013142763822292,0.03571557435709991,0.005783551124405566,22.673877716064453,2.2337446212768555,0.7122443318367004,0.053216543048620224,22.412084579467773,2.2317464351654053,0.7171868085861206,0.05261159688234329,0.6467371582984924,0.7619396448135376,22.599143981933594,0.0002,2e-05,4,1.0,3.0,0.01,0.15,15179.22684931755,1068.57861328125
2025-10-04 20:03:45,23,0.11173949445217887,0.10515475926320522,0.0009219084884091012,0.024885738139200808,0.03570152486209845,0.005793362620522033,22.691234588623047,2.2315566539764404,0.7146188020706177,0.05393049120903015,22.62723159790039,2.2659740447998047,0.7135960459709167,0.05266009271144867,0.6472585797309875,0.7620555758476257,22.62723159790039,0.0002,2e-05,4,1.0,3.0,0.01,0.15,15855.988321304321,1067.82861328125
2025-10-04 20:15:00,24,0.110713923334502,0.10412983853365064,0.0009302134312158945,0.02450621744701708,0.03548382357525211,0.006955484074161767,22.75705337524414,2.2278292179107666,0.7185488939285278,0.053162720054388046,22.37244987487793,2.2794086933135986,0.7137320041656494,0.05114729329943657,0.6447532773017883,0.7609459757804871,22.62723159790039,0.0002,2e-05,4,1.0,3.0,0.01,0.15,16530.693879127502,1068.82861328125
2025-10-04 20:26:12,25,0.11286216056374258,0.10379970685839914,0.0017524301930984848,0.024383725635919135,0.03561325640359402,0.006542773171491757,22.77490234375,2.231072425842285,0.7187446355819702,0.052638281136751175,22.651548385620117,2.345165252685547,0.7217692136764526,0.0518382228910923,0.6433225870132446,0.7597131133079529,22.651548385620117,0.0002,2e-05,4,1.0,3.0,0.01,0.15,17202.466332912445,1068.57861328125
2025-10-04 20:38:29,26,0.1090390958774804,0.10284915677698148,0.0008033794600678022,0.02397813940902086,0.03540019546995843,0.007276224297379235,22.845809936523438,2.2390012741088867,0.7232639789581299,0.052564166486263275,22.665855407714844,2.342709541320801,0.7257499098777771,0.05357089638710022,0.6511876583099365,0.7653763890266418,22.665855407714844,0.0002,2e-05,4,1.0,3.0,0.01,0.15,17939.254222631454,1067.82861328125
2025-10-04 20:50:41,27,0.11097921041920814,0.10265938645765466,0.0015095294521973726,0.02393270707512083,0.03551908492207996,0.007266457376817426,22.8577880859375,2.237358808517456,0.7245675325393677,0.05266319215297699,22.725221633911133,2.3648757934570312,0.7311151027679443,0.053970009088516235,0.6489189863204956,0.7635641098022461,22.725221633911133,0.0002,2e-05,4,1.0,3.0,0.01,0.15,18671.579699277878,1068.82861328125
2025-10-04 21:02:28,28,0.10841151401661189,0.10204262499484527,0.0008681659273050174,0.02376852244436806,0.035267061367793846,0.008150006565111842,22.91735076904297,2.276761770248413,0.7275197505950928,0.053511764854192734,22.806777954101562,2.3393478393554688,0.7330571413040161,0.05234865844249725,0.6508890986442566,0.7650879621505737,22.806777954101562,0.0002,2e-05,4,1.0,3.0,0.01,0.15,19378.51202249527,1068.57861328125
2025-10-04 21:14:18,29,0.10818031457609936,0.10138270449973268,0.0010110133449749282,0.02340437887011688,0.035305263384179775,0.0071600319147314675,22.963199615478516,2.2417309284210205,0.7297787070274353,0.052426304668188095,22.768388748168945,2.3175177574157715,0.7297986149787903,0.05306736379861832,0.6498268246650696,0.7646130323410034,22.806777954101562,0.0002,2e-05,4,1.0,3.0,0.01,0.15,20088.38254261017,1067.82861328125
2025-10-04 21:25:56,30,0.10712175033774812,0.10103961215999953,0.0007764765485196599,0.023394039341553582,0.035187681637635956,0.006874046736181929,22.976478576660156,2.2781243324279785,0.7323829531669617,0.05363405868411064,22.854272842407227,2.3447487354278564,0.7345770597457886,0.0529603473842144,0.6502147912979126,0.7642765045166016,22.854272842407227,0.0002,2e-05,4,1.0,3.0,0.01,0.15,20786.870307445526,1068.82861328125
2025-10-04 21:36:52,31,0.10802516947159561,0.10063970721622821,0.0012071186331425448,0.023112560951838754,0.03532980788363918,0.005921144165088433,23.028064727783203,2.266650915145874,0.7313494682312012,0.052303116768598557,22.755788803100586,2.371868371963501,0.7333723306655884,0.05369585007429123,0.6540248990058899,0.7677744626998901,22.854272842407227,0.0002,2e-05,4,1.0,3.0,0.01,0.15,21442.938712358475,1068.57861328125
2025-10-04 21:47:47,32,0.1060232751635052,0.10002485642989077,0.0007509912865764622,0.022951289922020154,0.03515932077291911,0.005970422207930504,23.031253814697266,2.2294809818267822,0.7348172664642334,0.051961202174425125,22.8287410736084,2.3319053649902344,0.7367923855781555,0.05275095999240875,0.6505476236343384,0.7649620175361633,22.854272842407227,0.0002,2e-05,4,1.0,3.0,0.01,0.15,22098.029606342316,1067.82861328125
2025-10-04 21:58:58,33,0.10771727345307217,0.09943976150324733,0.0015122546228548185,0.022711027895556915,0.03513637754559569,0.005705258794957874,23.091732025146484,2.252248764038086,0.7367272973060608,0.051070436835289,22.749195098876953,2.3003721237182617,0.7285656929016113,0.05118421092629433,0.6502963304519653,0.7646100521087646,22.854272842407227,0.0002,2e-05,4,1.0,3.0,0.01,0.15,22768.252870082855,1068.82861328125
2025-10-04 22:10:04,34,0.10464095939675637,0.09898059727533655,0.000641415329215854,0.02257288894589598,0.03510387172123518,0.0071773741670607865,23.120431900024414,2.250096082687378,0.7369157671928406,0.051333241164684296,22.694421768188477,2.336941719055176,0.726274311542511,0.05443055182695389,0.6432773470878601,0.7593554258346558,22.854272842407227,0.0002,2e-05,4,1.0,3.0,0.01,0.15,23434.258714914322,1068.57861328125
2025-10-04 22:32:33,1,1.3564409894170748,0.41299222014880255,0.3089298161490286,0.3034646473613221,0.09083116612269673,0.3392084350215865,11.377037048339844,1.2711106538772583,0.026962926611304283,0.024101942777633667,13.683120727539062,0.6422410607337952,0.08304528892040253,0.015364847145974636,0.2597532868385315,0.3806011378765106,13.683120727539062,0.0002,2e-05,4,1.0,3.0,0.01,0.15,711.6701202392578,1069.82861328125
2025-10-04 22:44:34,2,0.3260542732440701,0.2397763714174751,0.02508601548445827,0.12240625322874998,0.06530528366696016,0.029265514175806726,15.300019264221191,1.1611120700836182,0.16703924536705017,0.05561639368534088,16.726545333862305,0.9631239771842957,0.25104981660842896,0.03741831332445145,0.4519161283969879,0.5929228067398071,16.726545333862305,0.0002,2e-05,4,1.0,3.0,0.01,0.15,1432.0865666866302,1069.82861328125
2025-10-04 22:55:55,3,0.22799582037281457,0.1836538650958779,0.01194529490937142,0.07343375084862262,0.051811551860080414,0.015022909412017236,17.527973175048828,1.162961721420288,0.3052308261394501,0.053060319274663925,18.212688446044922,1.2264013290405273,0.3455309271812439,0.041691090911626816,0.5211962461471558,0.6588068604469299,18.212688446044922,0.0002,2e-05,4,1.0,3.0,0.01,0.15,2113.0319237709045,1070.82861328125
2025-10-04 23:07:25,4,0.18885006171467525,0.15907045889680022,0.007445991389082023,0.05503078629183337,0.04594213888537795,0.009851438899084434,18.83835220336914,1.3305658102035522,0.39771848917007446,0.054204102605581284,19.280717849731445,1.4804035425186157,0.4334504306316376,0.047695521265268326,0.5690168738365173,0.7005582451820374,19.280717849731445,0.0002,2e-05,4,1.0,3.0,0.01,0.15,2803.106677532196,1070.57861328125
2025-10-04 23:19:01,5,0.1687435973150583,0.145250829569523,0.0055358281477578845,0.045216458818252606,0.042887458751229776,0.007229513811090818,19.768630981445312,1.525408387184143,0.46351468563079834,0.05494731664657593,20.142988204956055,1.518987774848938,0.48862436413764954,0.05065133422613144,0.5981600284576416,0.7241075038909912,20.142988204956055,0.0002,2e-05,4,1.0,3.0,0.01,0.15,3499.2505536079407,1069.07861328125
2025-10-04 23:30:15,6,0.1548315441707466,0.13594873394828516,0.004124719206798393,0.038912681418022683,0.04079683785048645,0.006433273205062845,20.48284912109375,1.6659201383590698,0.5149031281471252,0.05296144261956215,20.702905654907227,1.70658278465271,0.5237224698066711,0.047487448900938034,0.6014498472213745,0.726870596408844,20.702905654907227,0.0002,2e-05,4,1.0,3.0,0.01,0.15,4173.626758337021,1070.82861328125
2025-10-04 23:41:56,7,0.14522345890227914,0.12957912983204217,0.0031272800386079862,0.035193729813397585,0.03940367771644075,0.004945668788463041,20.959787368774414,1.7771921157836914,0.5549439191818237,0.051717717200517654,21.030162811279297,1.9367097616195679,0.5663914084434509,0.05041475221514702,0.6110608577728271,0.7341662049293518,21.030162811279297,0.0002,2e-05,4,1.0,3.0,0.01,0.15,4873.814914941788,1070.57861328125
2025-10-04 23:53:36,8,0.1385071815089675,0.12505410937734915,0.0024536699358989602,0.03278074940120061,0.03842836454230518,0.00442028631057058,21.314159393310547,1.8723721504211426,0.5846547484397888,0.05429736152291298,21.45417022705078,1.9209778308868408,0.6041791439056396,0.050083812326192856,0.6316446661949158,0.7509920597076416,21.45417022705078,0.0002,2e-05,4,1.0,3.0,0.01,0.15,5573.815857172012,1069.07861328125
2025-10-05 00:05:24,9,0.13419843612667978,0.12112007529572937,0.00236580207218853,0.030960167877483586,0.03780901916797473,0.004383670084260322,21.58676528930664,1.918369174003601,0.6117154359817505,0.0540894940495491,21.703855514526367,2.1366872787475586,0.6267188787460327,0.05258089303970337,0.6320179104804993,0.7505955100059509,21.703855514526367,0.0002,2e-05,4,1.0,3.0,0.01,0.15,6282.102917909622,1070.82861328125
2025-10-05 00:16:42,10,0.1293589313627332,0.11827388031804828,0.0017381408048718744,0.02982038184393655,0.037149498542949105,0.0038296122508184923,21.80331039428711,2.024251699447632,0.6292514801025391,0.05330808088183403,21.836959838867188,2.083367347717285,0.6388351321220398,0.051561158150434494,0.6383827924728394,0.7554240822792053,21.836959838867188,0.0002,2e-05,4,1.0,3.0,0.01,0.15,6960.286449432373,1070.57861328125
2025-10-05 00:27:50,11,0.12617147005328874,0.11582724845169619,0.001508749721473153,0.02876257336448844,0.03686897734861787,0.003514989174308849,21.95984649658203,2.0300776958465576,0.6454627513885498,0.05427568405866623,22.001768112182617,2.10855770111084,0.6577973365783691,0.05103927105665207,0.6326461434364319,0.7513254284858704,22.001768112182617,0.0002,2e-05,4,1.0,3.0,0.01,0.15,7627.915114402771,1069.07861328125
2025-10-05 00:38:58,12,0.12367449982305985,0.11399772695164312,0.0013023543511718923,0.02813221491990545,0.036589251786379194,0.003355294998203005,22.08740234375,2.0912842750549316,0.6569287180900574,0.053011540323495865,22.027027130126953,2.095223903656006,0.6631972193717957,0.052340153604745865,0.642836332321167,0.7589985132217407,22.027027130126953,0.0002,2e-05,4,1.0,3.0,0.01,0.15,8296.720329284668,1070.82861328125
2025-10-05 00:50:05,13,0.12200706017215439,0.11242568640956255,0.0012869437612255381,0.02744434338395297,0.03630732614294535,0.003479336495869435,22.177505493164062,2.0741541385650635,0.6671008467674255,0.05155407637357712,22.218463897705078,2.1201343536376953,0.6813743710517883,0.04964615777134895,0.6397793292999268,0.7570977807044983,22.218463897705078,0.0002,2e-05,4,1.0,3.0,0.01,0.15,8963.458428382874,1070.57861328125
2025-10-05 01:01:04,14,0.11961526624372967,0.11030936828530612,0.0012063257213911814,0.026517216619112292,0.03614499050819254,0.003398442369691291,22.34076499938965,2.101006031036377,0.6781450510025024,0.051166824996471405,21.989553451538086,2.1619842052459717,0.6768615245819092,0.05199577659368515,0.6366462707519531,0.7539363503456116,22.218463897705078,0.0002,2e-05,4,1.0,3.0,0.01,0.15,9621.877408027649,1069.07861328125
2025-10-05 01:12:01,15,0.11847029022048225,0.10936997974536593,0.0011457658775360904,0.02611331517837052,0.03601253027471852,0.004161672844490098,22.427398681640625,2.1397199630737305,0.6840993762016296,0.053891196846961975,22.3226375579834,2.2094767093658447,0.685836911201477,0.05131581053137779,0.6426398754119873,0.7589717507362366,22.3226375579834,0.0002,2e-05,4,1.0,3.0,0.01,0.15,10278.913334608078,1070.82861328125
2025-10-05 01:22:58,16,0.11829194384510985,0.10843657594211611,0.0014007641256987542,0.025832105763737075,0.035965029204001214,0.003931413653465295,22.490455627441406,2.153791904449463,0.6903394460678101,0.05380845069885254,22.263113021850586,2.166109561920166,0.6902943253517151,0.049799345433712006,0.6457921862602234,0.7616179585456848,22.3226375579834,0.0002,2e-05,4,1.0,3.0,0.01,0.15,10936.301793813705,1070.57861328125
2025-10-05 01:33:59,17,0.11670623879650038,0.10708428770108258,0.0013321754444167275,0.02525823451065514,0.035818948149420465,0.004187453384664687,22.588241577148438,2.1691908836364746,0.6967747807502747,0.052279941737651825,22.459087371826172,2.2547123432159424,0.7027667164802551,0.05143117532134056,0.6388839483261108,0.7557626962661743,22.459087371826172,0.0002,2e-05,4,1.0,3.0,0.01,0.15,11597.65751004219,1069.07861328125
2025-10-05 01:45:10,18,0.11467476865943728,0.10605173414979484,0.0010050234053926633,0.02480091512485016,0.03573303322735758,0.004493109720687454,22.645587921142578,2.1320998668670654,0.7024949789047241,0.05196870490908623,22.278564453125,2.2755649089813232,0.7007904648780823,0.05335097759962082,0.6479385495185852,0.7632512450218201,22.459087371826172,0.0002,2e-05,4,1.0,3.0,0.01,0.15,12268.60956120491,1070.82861328125
2025-10-05 01:56:07,19,0.1144672572925511,0.10532732050544996,0.0011795390886666923,0.024487523178382244,0.03570962963429507,0.004541789271080723,22.70724868774414,2.147533416748047,0.7053192853927612,0.052356649190187454,22.59465217590332,2.28951096534729,0.7128902077674866,0.05295636132359505,0.6500802636146545,0.7645602822303772,22.59465217590332,0.0002,2e-05,4,1.0,3.0,0.01,0.15,12925.662854194641,1070.57861328125
2025-10-05 02:07:07,20,0.11315593636538923,0.1041936390688313,0.0011279243611742647,0.024092334909441952,0.03558400649924334,0.005093868669623939,22.796024322509766,2.1820497512817383,0.7106992602348328,0.05276760086417198,22.480703353881836,2.2665703296661377,0.7091321349143982,0.05249758064746857,0.6442994475364685,0.7602592706680298,22.59465217590332,0.0002,2e-05,4,1.0,3.0,0.01,0.15,13585.41822719574,1069.07861328125
2025-10-05 02:18:18,21,0.11259011962871704,0.10339553091083753,0.0012110381497576527,0.0238054472231072,0.03548946472354784,0.005696481689913096,22.840503692626953,2.169250726699829,0.7151960730552673,0.05173253268003464,22.615203857421875,2.4006357192993164,0.7183724045753479,0.053180545568466187,0.6455680727958679,0.7609113454818726,22.615203857421875,0.0002,2e-05,4,1.0,3.0,0.01,0.15,14256.569954872131,1070.82861328125
2025-10-05 02:29:15,22,0.11280071092293051,0.10240701222112203,0.0016090984636730693,0.02328796345951499,0.035556823236743175,0.006510124805352681,22.924203872680664,2.1497182846069336,0.7181018590927124,0.05160234123468399,22.513195037841797,2.2788584232330322,0.7124689221382141,0.05226128548383713,0.6332562565803528,0.7522016763687134,22.615203857421875,0.0002,2e-05,4,1.0,3.0,0.01,0.15,14912.899328947067,1070.57861328125
2025-10-05 02:40:25,23,0.11050708438495804,0.10132118557862022,0.0012185048208214681,0.022842599574808775,0.03534638939020568,0.0073662636428047995,22.99943733215332,2.134411573410034,0.7235004901885986,0.050797879695892334,22.464513778686523,2.329887628555298,0.7164613008499146,0.05449683219194412,0.6501569747924805,0.7645798325538635,22.615203857421875,0.0002,2e-05,4,1.0,3.0,0.01,0.15,15583.042227268219,1069.07861328125
2025-10-05 02:51:29,24,0.11341345228603379,0.10079138004882762,0.002357829390615186,0.022608040190604403,0.035483358205537587,0.010513567004946399,23.03990936279297,2.1257638931274414,0.7251399159431458,0.05105471983551979,22.60452651977539,2.457801103591919,0.7251178026199341,0.053888898342847824,0.6529879570007324,0.7667880058288574,22.615203857421875,0.0002,2e-05,4,1.0,3.0,0.01,0.15,16247.14506149292,1070.82861328125
2025-10-05 03:02:26,25,0.11057094750729617,0.09991803198603234,0.0017092223300271103,0.022278274175115208,0.03534977207759295,0.007613836020067498,23.102739334106445,2.1220648288726807,0.7282707691192627,0.049285758286714554,22.61806297302246,2.274965763092041,0.719840943813324,0.053046971559524536,0.6475386023521423,0.7625270485877991,22.61806297302246,0.0002,2e-05,4,1.0,3.0,0.01,0.15,16904.41906428337,1070.57861328125
2025-10-05 03:13:22,26,0.10878651488652175,0.0990983586665528,0.001394878828509402,0.02193321412812819,0.035227916936036226,0.008708940463263419,23.16457748413086,2.125640630722046,0.7318611145019531,0.04968414455652237,22.653064727783203,2.362677812576294,0.7207416296005249,0.05185847729444504,0.6461138725280762,0.7615410089492798,22.653064727783203,0.0002,2e-05,4,1.0,3.0,0.01,0.15,17560.300672531128,1069.07861328125
2025-10-05 03:24:17,27,0.10844827250499729,0.09828041720146637,0.0015519224726437695,0.02163787592474451,0.0353047262908175,0.009124060857345115,23.221893310546875,2.0948781967163086,0.7348328828811646,0.04937424883246422,22.632125854492188,2.336327314376831,0.7289175391197205,0.05270751565694809,0.6512224674224854,0.7653058171272278,22.653064727783203,0.0002,2e-05,4,1.0,3.0,0.01,0.15,18215.356511831284,1070.82861328125
2025-10-05 03:35:13,28,0.10755299163186556,0.09766087050182777,0.0014644035292496087,0.02134594723385171,0.03523634029466823,0.008903949820835675,23.27902603149414,2.099290132522583,0.7371487021446228,0.04899225011467934,22.861793518066406,2.385540723800659,0.7384615540504456,0.05211121588945389,0.6533730030059814,0.7669889330863953,22.861793518066406,0.0002,2e-05,4,1.0,3.0,0.01,0.15,18871.138051509857,1070.57861328125
2025-10-05 03:46:31,29,0.1068585174175319,0.09679340970082266,0.001519187202146568,0.021032001908093196,0.03531483932515133,0.008986972466848054,23.349424362182617,2.115485668182373,0.7398188710212708,0.04891858622431755,22.565732955932617,2.3446414470672607,0.7290182709693909,0.05394194275140762,0.6533187031745911,0.767124354839325,22.861793518066406,0.0002,2e-05,4,1.0,3.0,0.01,0.15,19549.17117190361,1069.07861328125
2025-10-05 03:57:40,30,0.10682446889295868,0.09621900438311114,0.001709672653112188,0.020750013343374125,0.03512630954704068,0.00825011767549338,23.39316749572754,2.0736989974975586,0.7419822812080383,0.048893969506025314,22.61774444580078,2.361133337020874,0.7269091010093689,0.05431922525167465,0.6441448926925659,0.7601858377456665,22.861793518066406,0.0002,2e-05,4,1.0,3.0,0.01,0.15,20218.35238790512,1070.82861328125
2025-10-05 04:08:37,31,0.10433690422257326,0.09528455580778136,0.0011946988699752946,0.020370077682641926,0.035097006266952134,0.007082870061212516,23.453617095947266,2.056177854537964,0.7448098063468933,0.04771951213479042,22.7479248046875,2.398562431335449,0.7355603575706482,0.05249205231666565,0.6530243158340454,0.7668080925941467,22.861793518066406,0.0002,2e-05,4,1.0,3.0,0.01,0.15,20875.07437467575,1070.57861328125
2025-10-05 04:19:33,32,0.10627271420846457,0.09463138836645694,0.002053560657604952,0.02007148256969272,0.03519952771545864,0.006912023802594906,23.517032623291016,2.0419933795928955,0.7470095753669739,0.04761975258588791,22.554048538208008,2.342933177947998,0.7292807102203369,0.055847834795713425,0.6464653015136719,0.7615978717803955,22.861793518066406,0.0002,2e-05,4,1.0,3.0,0.01,0.15,21531.399914741516,1069.07861328125
2025-10-05 04:30:30,33,0.10416458941145813,0.09390635706344233,0.0015969559177407625,0.019756378710007676,0.03513200573906609,0.006589004867147286,23.5827579498291,2.0485992431640625,0.7487006783485413,0.0478331595659256,22.800168991088867,2.3752663135528564,0.7362186312675476,0.05323048681020737,0.6498075723648071,0.7639657855033875,22.861793518066406,0.0002,2e-05,4,1.0,3.0,0.01,0.15,22188.428207874298,1070.82861328125
2025-10-05 04:41:29,34,0.10195756453416417,0.09348838576972876,0.0009987681475276456,0.019558635206178815,0.035181920393930026,0.005597728735685431,23.617164611816406,2.0247414112091064,0.7493114471435547,0.04698266461491585,22.47098159790039,2.4011728763580322,0.7250823378562927,0.05428522825241089,0.6495949029922485,0.7644063830375671,22.861793518066406,0.0002,2e-05,4,1.0,3.0,0.01,0.15,22847.068201303482,1070.57861328125
2025-10-05 04:52:27,35,0.10124113499974913,0.0923661956971631,0.0011415810845569084,0.019213794231346382,0.03505372021153445,0.00581072149081872,23.71283721923828,2.0557734966278076,0.7535032033920288,0.046987373381853104,22.80137825012207,2.401965379714966,0.7367188930511475,0.05232381075620651,0.6514627933502197,0.7657288312911987,22.861793518066406,0.0002,2e-05,4,1.0,3.0,0.01,0.15,23504.84908103943,1069.07861328125
2025-10-05 05:03:23,36,0.10061226626691153,0.09156788874516907,0.0011991512029001425,0.018842370795419137,0.03505666755305975,0.0059621926489194016,23.77263069152832,2.0108821392059326,0.7555002570152283,0.04665375500917435,22.79496955871582,2.465526580810547,0.7401160001754761,0.05462038889527321,0.654931902885437,0.7682787775993347,22.861793518066406,0.0002,2e-05,4,1.0,3.0,0.01,0.15,24161.626851558685,1070.82861328125
2025-10-05 05:14:20,37,0.09894689254602804,0.09101194082211604,0.0008315534666540241,0.018624525615162774,0.035026973962888064,0.005975427922209377,23.827375411987305,2.0116829872131348,0.7571983933448792,0.045642197132110596,22.7544002532959,2.397061586380005,0.7380110621452332,0.054358337074518204,0.6544307470321655,0.7677630186080933,22.861793518066406,0.0002,2e-05,4,1.0,3.0,0.01,0.15,24818.412278413773,1070.57861328125
2025-10-05 05:25:18,38,0.09827102521848981,0.09033814875167116,0.0008317637218528003,0.01844757205896669,0.03502073066954953,0.005158460320352198,23.8823299407959,2.0509166717529297,0.7594655752182007,0.04496780410408974,22.666378021240234,2.3898651599884033,0.7353256344795227,0.05569945648312569,0.6534776091575623,0.7669578790664673,22.861793518066406,0.0002,2e-05,4,1.0,3.0,0.01,0.15,25476.338770866394,1069.07861328125
2025-10-05 05:36:15,39,0.09827774980239437,0.08977505670730912,0.0010216968800856733,0.018132272420168433,0.03504186412576092,0.005345285890603458,23.9300594329834,1.9947192668914795,0.7602686882019043,0.04562591016292572,22.720609664916992,2.3990156650543213,0.7382603287696838,0.05200681835412979,0.6441783308982849,0.7601712346076965,22.861793518066406,0.0002,2e-05,4,1.0,3.0,0.01,0.15,26133.68812274933,1070.82861328125
2025-10-05 05:47:13,40,0.09775060817768702,0.0890832918475797,0.0010850405726019027,0.017908582385266172,0.03488739140439252,0.004780709281676336,23.986967086791992,1.9978712797164917,0.7626635432243347,0.04574501886963844,22.606082916259766,2.4221580028533936,0.7349821925163269,0.05428428575396538,0.6469045877456665,0.7620416283607483,22.861793518066406,0.0002,2e-05,4,1.0,3.0,0.01,0.15,26790.795746088028,1070.57861328125
2025-10-05 05:58:09,41,0.09767550906996358,0.08867465420273854,0.0011957970530498529,0.017734096305111725,0.03490748570170734,0.006129700174954321,24.01821517944336,1.9787157773971558,0.7635242938995361,0.04364270344376564,22.64943504333496,2.378417730331421,0.7374303340911865,0.05456800013780594,0.6507608294487,0.764809787273407,22.861793518066406,0.0002,2e-05,4,1.0,3.0,0.01,0.15,27447.63193297386,1069.07861328125
2025-10-05 06:09:07,42,0.0996004939747133,0.08810908789777006,0.0020252385537977324,0.017601564757250637,0.03493116618141004,0.005041594194903315,24.080617904663086,2.037808418273926,0.7656622529029846,0.0455910749733448,22.758697509765625,2.428318977355957,0.739559531211853,0.05317159742116928,0.650521993637085,0.7649965286254883,22.861793518066406,0.0002,2e-05,4,1.0,3.0,0.01,0.15,28105.187826871872,1070.82861328125
2025-10-05 06:20:05,43,0.0980098187161107,0.08764742602641842,0.0016484682878027495,0.017387521603671248,0.03495408272086453,0.0049438205212457,24.10160255432129,1.9743856191635132,0.7668013572692871,0.043302811682224274,22.65685272216797,2.387892484664917,0.7407059073448181,0.05357286334037781,0.6500475406646729,0.7648844718933105,22.861793518066406,0.0002,2e-05,4,1.0,3.0,0.01,0.15,28763.475553750992,1070.57861328125
2025-10-05 06:31:03,44,0.09642363934861972,0.08712210056624874,0.0012992842915479574,0.017203745207206477,0.034877657004199175,0.0076817693252750965,24.157041549682617,1.9902139902114868,0.7681105732917786,0.04423392936587334,22.613536834716797,2.431365728378296,0.7368375062942505,0.05566443130373955,0.6491740345954895,0.7637396454811096,22.861793518066406,0.0002,2e-05,4,1.0,3.0,0.01,0.15,29421.34594321251,1069.07861328125
2025-10-05 06:42:00,45,0.09466019042803828,0.08672027134307618,0.0008495438820492852,0.017075276398517365,0.03480356480807366,0.004133669827082246,24.189895629882812,1.9879176616668701,0.7699007391929626,0.043268006294965744,22.62647247314453,2.445084571838379,0.7357214093208313,0.05578663572669029,0.6522943377494812,0.7661234736442566,22.861793518066406,0.0002,2e-05,4,1.0,3.0,0.01,0.15,30078.438429117203,1070.82861328125
2025-10-05 06:52:57,46,0.0940382699317217,0.08620567086499281,0.0008151226596977715,0.016876239534410448,0.03478979053172056,0.004447940442132876,24.232629776000977,1.9838277101516724,0.7706445455551147,0.04371345043182373,22.665279388427734,2.488269567489624,0.7413291931152344,0.054083555936813354,0.6531819701194763,0.7672320008277893,22.861793518066406,0.0002,2e-05,4,1.0,3.0,0.01,0.15,30735.287971258163,1070.57861328125
